{"train/update_s":0.37696894937660547,"train/lr":1.0000000000000021e-05,"train/episodes":934.8695382255738,"_step":40000,"train/kld_loss":4.6224333345890045e-05,"train/dataloading_s":0.013752644723281264,"_wandb":{"runtime":16437},"_timestamp":1.7650442775417724e+09,"train/steps":40000,"train/loss":0.04330627413466573,"train/epochs":46.74347691127869,"train/samples":2560000,"_runtime":16437.042750584,"train/l1_loss":0.04428108409047127,"train/grad_norm":3.051807599067688}